{
  "id": "2419033",
  "name": "icon-shop",
  "font_family": "iconfont",
  "css_prefix_text": "icon-",
  "description": "",
  "glyphs": [
    {
      "icon_id": "11808033",
      "name": "权限",
      "font_class": "quanxian",
      "unicode": "e69c",
      "unicode_decimal": 59036
    },
    {
      "icon_id": "16810984",
      "name": "订单",
      "font_class": "dingdan",
      "unicode": "e659",
      "unicode_decimal": 58969
    },
    {
      "icon_id": "15513193",
      "name": "商品",
      "font_class": "shangpin",
      "unicode": "e6d8",
      "unicode_decimal": 59096
    },
    {
      "icon_id": "15726729",
      "name": "报表",
      "font_class": "baobiao",
      "unicode": "e604",
      "unicode_decimal": 58884
    },
    {
      "icon_id": "18863066",
      "name": "人",
      "font_class": "ren",
      "unicode": "e63d",
      "unicode_decimal": 58941
    },
    {
      "icon_id": "20733456",
      "name": "单据",
      "font_class": "changyongtubiao-fuben-65",
      "unicode": "e610",
      "unicode_decimal": 58896
    },
    {
      "icon_id": "430694",
      "name": "密码",
      "font_class": "password",
      "unicode": "e64a",
      "unicode_decimal": 58954
    },
    {
      "icon_id": "680978",
      "name": "多人2",
      "font_class": "duoren2",
      "unicode": "e71e",
      "unicode_decimal": 59166
    },
    {
      "icon_id": "795509",
      "name": "眼睛",
      "font_class": "ai-eye",
      "unicode": "e669",
      "unicode_decimal": 58985
    },
    {
      "icon_id": "1727461",
      "name": "225默认头像",
      "font_class": "morentouxiang",
      "unicode": "e8c9",
      "unicode_decimal": 59593
    },
    {
      "icon_id": "6129300",
      "name": "258体积、空间",
      "font_class": "tijikongjian",
      "unicode": "e7dc",
      "unicode_decimal": 59356
    },
    {
      "icon_id": "1447730",
      "name": "页面",
      "font_class": "yemian",
      "unicode": "e615",
      "unicode_decimal": 58901
    },
    {
      "icon_id": "3161425",
      "name": "管理员_管理员列表",
      "font_class": "guanliyuan_guanliyuanliebiao",
      "unicode": "e60f",
      "unicode_decimal": 58895
    },
    {
      "icon_id": "866488",
      "name": "表单",
      "font_class": "biaodan",
      "unicode": "e61c",
      "unicode_decimal": 58908
    },
    {
      "icon_id": "879161",
      "name": "菜单",
      "font_class": "ego-menu",
      "unicode": "e605",
      "unicode_decimal": 58885
    },
    {
      "icon_id": "6844448",
      "name": "分析",
      "font_class": "fenxi",
      "unicode": "e63a",
      "unicode_decimal": 58938
    },
    {
      "icon_id": "11200646",
      "name": "图层",
      "font_class": "layers",
      "unicode": "e600",
      "unicode_decimal": 58880
    },
    {
      "icon_id": "7578846",
      "name": "用户",
      "font_class": "denglu1",
      "unicode": "e7d8",
      "unicode_decimal": 59352
    },
    {
      "icon_id": "8084566",
      "name": "密码",
      "font_class": "mima",
      "unicode": "e618",
      "unicode_decimal": 58904
    },
    {
      "icon_id": "2583881",
      "name": "叉叉",
      "font_class": "chacha",
      "unicode": "e62f",
      "unicode_decimal": 58927
    },
    {
      "icon_id": "18941495",
      "name": "按钮",
      "font_class": "anniu",
      "unicode": "e608",
      "unicode_decimal": 58888
    },
    {
      "icon_id": "1255992",
      "name": "向左",
      "font_class": "xiangzuo1",
      "unicode": "e63c",
      "unicode_decimal": 58940
    },
    {
      "icon_id": "510999",
      "name": "向右箭头",
      "font_class": "xiangyoujiantou",
      "unicode": "e648",
      "unicode_decimal": 58952
    },
    {
      "icon_id": "7556163",
      "name": "购物车",
      "font_class": "gouwuche",
      "unicode": "e601",
      "unicode_decimal": 58881
    },
    {
      "icon_id": "2077547",
      "name": "向下箭头",
      "font_class": "xiangxiajiantou",
      "unicode": "e63f",
      "unicode_decimal": 58943
    }
  ]
}
